instrument_id,name,description,instrument_type_concept_id,version,version_date,language_concept_id
1,Patient Health Questionnaire (PHQ-9),Screening tool for depression,44804610,,,45882691
2,Generalized Anxiety Disorder (GAD-7),Screening tool for Anxiety,45772733,,,45882691
3,"Depression, Anxiety and Stress Scale (DASS-21)","Screening tool for depression, anxiety and stress",3000000219,,,45882691
4,Edinburgh Postnatal Depression Scale (EPDS),Screening tool for postnatal depression,4164838,,,45882691
5,Posttraumatic Stress Disorder Checklist for DSM-5 (PCL-5),Symptom checklist for Posttraumatic Stress Disorder,37310582,,,45882691
6,Center for Epidemiologic Studies Depression Scale panel (CES-D),Screening tool for depression,1761569,,,45882691
7, Behavior and Symptom Identification Scale (BASIS-24),Screening tool for Psychosis,3000000223,,,45882691
8,World Health Organisation Disability Assessment Schedule (WHODAS 2.0),Measures health and disability,36714019,,,45882691
9,World Health Organization Quality-of-Life Scale (WHOQOL-BREF),Measures quality of life,1988691,,,45882691
10,Oslo 3-items social support scale,Measures social support,3000000226,,,45882691
11,List of Threatening Experiences (LTE),Measures experience of stressful life events,3000000227,,,45882691
12,Wijma Delivery Expectation/Experience Questionnaire (W-DEQ),Measures fear of childbirth,3000000228,,,45882691
13,WHO (2005) multi country study questionnaire,Measure Domestic Violence,3000000229,,,45882691
14,Traumatic Event Scale,Measure Child birth stressor/ Traumatic birth,3000000230,,,45882691
15,Pittsburgh Sleep Quality Index (PSQI),screening tool for sleep quality,44783153,,,45882691
16,Psychosis Screening Questionnaire (PSQ),10 item screening tool for symptoms of psychosis,3000000266,,,45882691
